url,label,has_https,has_ip,length,num_dots,has_at,has_redirect,has_suspicious_keywords,is_phishing
https://www.google.com,0,1,0,22,1,0,0,0,0
https://www.facebook.com,0,1,0,25,1,0,0,0,0
https://www.youtube.com,0,1,0,22,1,0,0,0,0
http://secure-login-verify.com,1,0,0,27,2,0,1,3,1
https://banking-secure-update.com,1,1,0,28,2,0,0,2,1
http://192.168.1.1/login,1,0,1,19,1,0,0,1,1
https://paypal-verify-account.com,1,1,0,26,2,0,1,2,1
https://www.amazon.com,0,1,0,19,1,0,0,0,0
http://free-gift-card-winner.com,1,0,0,25,2,0,1,3,1
https://secure-banking-login.net,1,1,0,25,2,0,0,2,1
https://www.microsoft.com,0,1,0,21,1,0,0,0,0
https://apple-id-verify.com,1,1,0,20,2,0,1,2,1
http://update-your-account.info,1,0,0,23,2,0,1,2,1
https://www.github.com,0,1,0,18,1,0,0,0,0
http://bank-of-america-secure.com,1,0,0,27,3,0,0,2,1
https://www.stackoverflow.com,0,1,0,24,1,0,0,0,0
http://phishing-test-site.xyz,1,0,0,21,2,0,1,1,1
https://google-account-recovery.com,1,1,0,27,2,0,1,2,1
https://www.wikipedia.org,0,1,0,20,1,0,0,0,0
http://free-download-music.buzz,1,0,0,23,2,0,1,2,1
https://netflix-verify-account.com,1,1,0,26,2,0,1,2,1
https://www.twitter.com,0,1,0,18,1,0,0,0,0
http://secure-login-paypal.net,1,0,0,23,2,0,1,2,1
https://www.instagram.com,0,1,0,21,1,0,0,0,0
http://your-bank-secure-login.com,1,0,0,27,3,0,0,2,1
https://www.linkedin.com,0,1,0,19,1,0,0,0,0
http://free-iphone-giveaway.top,1,0,0,24,2,0,1,3,1
https://amazon-account-alert.com,1,1,0,24,2,0,1,2,1
https://www.reddit.com,0,1,0,18,1,0,0,0,0
http://security-update-windows.com,1,0,0,27,2,0,0,2,1
https://www.ebay.com,0,1,0,16,1,0,0,0,0
http://gift-card-redeem.xyz,1,0,0,20,2,0,1,2,1
https://icloud-verify-account.com,1,1,0,24,2,0,1,2,1
https://www.zoom.us,0,1,0,16,1,0,0,0,0
http://secure-mail-login.info,1,0,0,23,2,0,1,2,1
https://www.dropbox.com,0,1,0,18,1,0,0,0,0
http://bank-account-verify.net,1,0,0,23,2,0,1,2,1
https://www.spotify.com,0,1,0,19,1,0,0,0,0
http://free-vpn-download.click,1,0,0,23,2,0,1,2,1
https://gmail-security-alert.com,1,1,0,23,2,0,1,2,1
https://www.netflix.com,0,1,0,19,1,0,0,0,0
http://verify-your-identity.org,1,0,0,24,2,0,1,2,1
https://www.slack.com,0,1,0,17,1,0,0,0,0
http://secure-payment-login.com,1,0,0,23,2,0,0,2,1
https://www.adobe.com,0,1,0,17,1,0,0,0,0
http://account-recovery-help.net,1,0,0,24,2,0,1,2,1
https://www.salesforce.com,0,1,0,21,1,0,0,0,0
http://free-bitcoin-generator.xyz,1,0,0,26,2,0,1,3,1
https://outlook-verify-account.com,1,1,0,25,2,0,1,2,1
https://www.shopify.com,0,1,0,18,1,0,0,0,0
url,has_https,has_ip,length,num_dots,has_at,has_redirect,suspicious_keywords_count,is_phishing
https://www.google.com,1,0,22,1,0,0,0,0
https://www.facebook.com,1,0,25,1,0,0,0,0
https://www.youtube.com,1,0,22,1,0,0,0,0
http://secure-login-verify.com,0,0,27,2,0,1,3,1
https://banking-secure-update.com,1,0,28,2,0,0,2,1
http://192.168.1.1/login,0,1,19,1,0,0,1,1
https://paypal-verify-account.com,1,0,26,2,0,1,2,1
https://www.amazon.com,1,0,19,1,0,0,0,0
http://free-gift-card-winner.com,0,0,25,2,0,1,3,1
https://secure-banking-login.net,1,0,25,2,0,0,2,1
https://www.microsoft.com,1,0,21,1,0,0,0,0
https://apple-id-verify.com,1,0,20,2,0,1,2,1
http://update-your-account.info,0,0,23,2,0,1,2,1
https://www.github.com,1,0,18,1,0,0,0,0
http://bank-of-america-secure.com,0,0,27,3,0,0,2,1
https://www.stackoverflow.com,1,0,24,1,0,0,0,0
http://phishing-test-site.xyz,0,0,21,2,0,1,1,1
https://google-account-recovery.com,1,0,27,2,0,1,2,1
https://www.wikipedia.org,1,0,20,1,0,0,0,0
http://free-download-music.buzz,0,0,23,2,0,1,2,1
https://netflix-verify-account.com,1,0,26,2,0,1,2,1
https://www.twitter.com,1,0,18,1,0,0,0,0
http://secure-login-paypal.net,0,0,23,2,0,1,2,1
https://www.instagram.com,1,0,21,1,0,0,0,0
http://your-bank-secure-login.com,0,0,27,3,0,0,2,1
https://www.linkedin.com,1,0,19,1,0,0,0,0
http://free-iphone-giveaway.top,0,0,24,2,0,1,3,1
https://amazon-account-alert.com,1,0,24,2,0,1,2,1
https://www.reddit.com,1,0,18,1,0,0,0,0
http://security-update-windows.com,0,0,27,2,0,0,2,1
https://www.ebay.com,1,0,16,1,0,0,0,0
http://gift-card-redeem.xyz,0,0,20,2,0,1,2,1
https://icloud-verify-account.com,1,0,24,2,0,1,2,1
https://www.zoom.us,1,0,16,1,0,0,0,0
http://secure-mail-login.info,0,0,23,2,0,1,2,1
https://www.dropbox.com,1,0,18,1,0,0,0,0
http://bank-account-verify.net,0,0,23,2,0,1,2,1
https://www.spotify.com,1,0,19,1,0,0,0,0
http://free-vpn-download.click,0,0,23,2,0,1,2,1
https://gmail-security-alert.com,1,0,23,2,0,1,2,1
https://www.netflix.com,1,0,19,1,0,0,0,0
http://verify-your-identity.org,0,0,24,2,0,1,2,1
https://www.slack.com,1,0,17,1,0,0,0,0
http://secure-payment-login.com,0,0,23,2,0,0,2,1
https://www.adobe.com,1,0,17,1,0,0,0,0
http://account-recovery-help.net,0,0,24,2,0,1,2,1
https://www.salesforce.com,1,0,21,1,0,0,0,0
http://free-bitcoin-generator.xyz,0,0,26,2,0,1,3,1
https://outlook-verify-account.com,1,0,25,2,0,1,2,1
https://www.shopify.com,1,0,18,1,0,0,0,0
http://secure-login-page.net,0,0,22,2,0,0,2,1
https://paypal-security-update.com,1,0,26,2,0,1,2,1
https://www.whatsapp.com,1,0,20,1,0,0,0,0
http://account-verify-secure.com,0,0,24,2,0,1,2,1
https://www.tiktok.com,1,0,17,1,0,0,0,0
http://banking-secure-update.net,0,0,25,3,0,0,2,1
https://www.snapchat.com,1,0,18,1,0,0,0,0
http://free-robux-generator.top,0,0,24,2,0,1,3,1
https://apple-account-alert.com,1,0,23,2,0,1,2,1
https://www.paypal.com,1,0,17,1,0,0,0,0
http://secure-mail-verify.xyz,0,0,21,2,0,1,2,1
https://www.office.com,1,0,18,1,0,0,0,0
http://login-verify-account.com,0,0,23,2,0,1,2,1
https://www.discord.com,1,0,19,1,0,0,0,0
http://bank-login-secure.net,0,0,22,2,0,0,2,1
https://www.twitch.tv,1,0,17,1,0,0,0,0
http://free-premium-gift.xyz,0,0,21,2,0,1,3,1
https://gmail-verify-account.com,1,0,24,2,0,1,2,1
https://www.uber.com,1,0,16,1,0,0,0,0
http://secure-payment-update.com,0,0,24,2,0,0,2,1